{
  "accuracy": 0.991599977016449,
  "loss": 0.02567634917795658,
  "training_time_seconds": 322.2791199684143,
  "accuracy_percentage": 99.1599977016449
}